{
  "mean": 0.2522253522302046,
  "std": 0.22785652716072463
}