{
  "mean": 0.16166417207058334,
  "std": 0.25613117764726817
}