{
  "mean": 0.15340297346181067,
  "std": 0.2507997550976097
}