{
  "mean": 0.24784774572136545,
  "std": 0.229665926218237
}