target,log_loss,sample_weighted_log_loss,accuracy,precision,recall,specificity,f1,roc_auc,average_precision
bowel_injury,0.10111886570205839,0.1533296225192866,0.9779240076416896,0.0,0.0,1.0,0.0,0.7941176470588236,0.08844410483630748
extravasation_injury,0.327697957283443,0.5199909220703386,0.8552324347272341,0.18790849673202614,0.38333333333333336,0.8873271367036953,0.25219298245614036,0.7665072168064687,0.17939252147642065
any_injury,0.4273996880965493,0.6519048927227534,0.8155381023137338,0.6989553656220323,0.5714285714285714,0.9073911773298277,0.628791114908159,0.8349215119496719,0.7041775681770683
kidney,0.18712500793939188,0.3101235941241128,0.9439609424750584,0.6276285128436079,0.605763792026317,,0.5721295080374401,,
liver,0.28913107697234824,0.43773029461015484,0.9076629165782212,0.6130002579646545,0.5629298257219645,,0.5607235859252194,,
spleen,0.33733682058869713,0.4975148434228388,0.8923795372532372,0.5883020703888077,0.582615754588392,,0.5400821525768761,,
