{
  "fold1": {
    "best_epoch": 13,
    "training_loss": 1.665795871533153,
    "validation_loss": 2.2551287492284846,
    "training_history": {
      "training_loss": [
        3.2698338345610667,
        3.003845379863828,
        2.7282818472309476,
        2.695963482441669,
        2.752813788989041,
        2.694250565931802,
        2.4219956499249564,
        2.158177813400382,
        2.063219820111674,
        2.175719178153198,
        2.2876301986143592,
        2.147621668574663,
        1.8581975959162298,
        1.665795871533153,
        1.7610334322457608
      ],
      "validation_loss": [
        3.148361552937286,
        2.793990563233862,
        2.753319022258544,
        2.795971479800195,
        2.8260369161785848,
        2.5884268827428243,
        2.443376090089185,
        2.3702188857918958,
        2.395208343089196,
        2.509664840435299,
        2.513188484238415,
        2.3435206203420242,
        2.2867813550275558,
        2.2551287492284846,
        2.460949512706202
      ]
    }
  },
  "fold2": {
    "best_epoch": 11,
    "training_loss": 2.1543235545242108,
    "validation_loss": 2.3976090976170132,
    "training_history": {
      "training_loss": [
        3.21740335608201,
        2.986804798582381,
        2.6820768477847583,
        2.657775540337914,
        2.6909953241939397,
        2.7417458979237996,
        2.51416264635732,
        2.1730170054586684,
        2.0802719357737396,
        2.201328545689868,
        2.275352153555451,
        2.1543235545242108,
        1.8299344187881377,
        1.6401346758122963,
        1.7480193963073676
      ],
      "validation_loss": [
        2.9278296302346623,
        2.776667795261415,
        2.682299487731036,
        2.7371740341186523,
        2.596770599108784,
        2.6569014076425246,
        2.57056804264293,
        2.4302412842502115,
        2.431458797775397,
        2.449558901185749,
        2.562951119006181,
        2.3976090976170132,
        2.4013251396788267,
        2.404436727531818,
        2.475772068280132
      ]
    }
  },
  "fold3": {
    "best_epoch": 13,
    "training_loss": 1.7016980460149667,
    "validation_loss": 2.2535652041123178,
    "training_history": {
      "training_loss": [
        3.219337354706753,
        2.9285898868776106,
        2.712089990020687,
        2.6450927249920633,
        2.7380210703300336,
        2.6493818274956036,
        2.464194461306571,
        2.1433341862421575,
        2.0646248539161887,
        2.146556465897443,
        2.299417023460705,
        2.2259879889198766,
        1.846527350723299,
        1.7016980460149667,
        1.774810966211386
      ],
      "validation_loss": [
        3.060934544108925,
        2.8006354208391997,
        2.7056023602710346,
        2.8190301586820192,
        2.773902190106077,
        2.6571764641407274,
        2.4042065285887393,
        2.324938373727948,
        2.3450022752372384,
        2.4308094175074113,
        2.462970741693886,
        2.368840258658244,
        2.291126462926415,
        2.2535652041123178,
        2.3846909966768393
      ]
    }
  },
  "fold4": {
    "best_epoch": 12,
    "training_loss": 1.9084147247040102,
    "validation_loss": 2.2121953071126126,
    "training_history": {
      "training_loss": [
        3.241669177252549,
        3.0438432037861873,
        2.813163723030272,
        2.7464256619474106,
        2.8176358457219344,
        2.8057363385059793,
        2.521807053932622,
        2.263945686445231,
        2.1673544667373568,
        2.25184569820281,
        2.3807884016596788,
        2.1877983376691104,
        1.9084147247040102,
        1.7254564183405126,
        1.7888884662888405
      ],
      "validation_loss": [
        3.173151860067739,
        2.8107814070226302,
        2.675362553098615,
        2.7919613516882493,
        2.8336333961610003,
        2.580149606431647,
        2.487937418072293,
        2.374516003611783,
        2.3376107436591766,
        2.552912602255239,
        2.534675622781973,
        2.3191932045861647,
        2.2121953071126126,
        2.2806395416752516,
        2.4736948044102465
      ]
    }
  },
  "fold5": {
    "best_epoch": 13,
    "training_loss": 1.7335131415048899,
    "validation_loss": 2.423675025481523,
    "training_history": {
      "training_loss": [
        3.2213014368974333,
        2.9957771334391987,
        2.760310921791402,
        2.723073677462729,
        2.7750572413797574,
        2.7202390384724544,
        2.50101437578759,
        2.2701395665189206,
        2.1799759011825075,
        2.278086868976594,
        2.3625948331317566,
        2.190832079734459,
        1.9193178966077555,
        1.7335131415048899,
        1.8280437781275123
      ],
      "validation_loss": [
        3.2553755469588253,
        2.9636601971966003,
        2.944208239281126,
        2.8796779710335794,
        2.8683761301982043,
        2.669516059973721,
        2.608501952093558,
        2.563765636329487,
        2.6079175523422307,
        2.651070893578263,
        2.5673172259023773,
        2.67128087727297,
        2.424991742735769,
        2.423675025481523,
        2.6352230305323783
      ]
    }
  }
}