target,log_loss,sample_weighted_log_loss,accuracy,precision,recall,specificity,f1,roc_auc,average_precision
bowel_injury,0.09934711171073018,0.17500652651223012,0.9796631712742294,0.0,0.0,1.0,0.0,0.5,0.020336828725770577
extravasation_injury,0.2366327192958674,0.844121219710746,0.936447410231967,0.0,0.0,1.0,0.0,0.5,0.06355258976803305
any_injury,0.5849298750313904,0.9985908746927347,0.7283126787416587,0.0,0.0,1.0,0.0,0.5,0.2716873212583413
kidney,0.25901379326512747,0.5687076937968094,0.94216714331109,0.31405571443703,0.3333333333333333,,0.32340750436300175,,
liver,0.3795172473720472,0.7159232998538215,0.897998093422307,0.29933269780743565,0.3333333333333333,,0.3154193872425916,,
spleen,0.4287855017903248,0.8656047458140369,0.8875119161105816,0.29583730537019387,0.3333333333333333,,0.3134680134680135,,
