target,log_loss,sample_weighted_log_loss,accuracy,precision,recall,specificity,f1,roc_auc,average_precision
bowel_injury,0.10538349324303894,0.16750841755425622,0.9796631712742294,0.0,0.0,1.0,0.0,0.5,0.020336828725770577
extravasation_injury,0.6711421528958427,0.6826966282873554,0.936447410231967,0.0,0.0,1.0,0.0,0.5,0.06355258976803305
any_injury,0.6817920504828244,0.7032571997968144,0.7283126787416587,0.0,0.0,1.0,0.0,0.5,0.2716873212583413
kidney,0.2998555740764741,0.5110723072598843,0.94216714331109,0.31405571443703,0.3333333333333333,,0.32340750436300175,,
liver,0.4274185432650153,0.6525115512850613,0.897998093422307,0.29933269780743565,0.3333333333333333,,0.3154193872425916,,
spleen,0.5081169511336162,0.759126234861698,0.8875119161105816,0.29583730537019387,0.3333333333333333,,0.3134680134680135,,
