target,log_loss,sample_weighted_log_loss,accuracy,precision,recall,specificity,f1,roc_auc,average_precision
bowel_injury,0.11192792246345655,0.1770702037986729,0.9779240076416896,0.0,0.0,1.0,0.0,0.5657757425990549,0.027722025805609667
extravasation_injury,0.4034088926293494,0.5974000160747533,0.9363192528125663,0.0,0.0,1.0,0.0,0.5632324491800801,0.07566879932761941
kidney,0.31277600784074194,0.5338212380935222,0.939503290171938,0.313167763390646,0.3333333333333333,,0.32293604757214256,,
liver,0.41775554119114094,0.6461812959101034,0.8991721502865634,0.2997240500955211,0.3333333333333333,,0.3156365262099028,,
spleen,0.5300684965606337,0.7693478737860967,0.8843133092761621,0.29477110309205407,0.3333333333333333,,0.3128684615673463,,
