{
  "fold2": {
    "best_epoch": 1,
    "training_loss": 3.3837636007403846,
    "validation_loss": 3.1371775274517155,
    "training_history": {
      "training_loss": [
        3.4288122229006546,
        3.3837636007403846,
        3.3133442097123744,
        3.307485839349534,
        3.317288163685678,
        3.3077386113740435,
        3.301293886478482
      ],
      "validation_loss": [
        3.2875256939094606,
        3.1371775274517155,
        3.1653554259228107,
        3.1906792656714176,
        3.1625824054750074,
        3.227478171597008,
        3.1396853182496143
      ]
    }
  },
  "fold3": {
    "best_epoch": 14,
    "training_loss": 3.2442720786958965,
    "validation_loss": 3.2667835660005737,
    "training_history": {
      "training_loss": [
        3.4407975987250556,
        3.292246418385206,
        3.2831634423984126,
        3.286229875268012,
        3.288819830003765,
        3.257924916264348,
        3.2457297698885235,
        3.257199045187368,
        3.258977782358123,
        3.252521974971881,
        3.2632525782234754,
        3.249095754247631,
        3.2328254711894564,
        3.242410926900098,
        3.2442720786958965
      ],
      "validation_loss": [
        3.3722046602458855,
        3.3074270033711537,
        3.299330703375851,
        3.3019912557452136,
        3.3021673946480474,
        3.2965100323342527,
        3.2994843657728263,
        3.3097491444093396,
        3.2773957307426094,
        3.2669245008398726,
        3.313305550220749,
        3.2850413299979966,
        3.281144574050504,
        3.290048634943538,
        3.2667835660005737
      ]
    }
  },
  "fold4": {
    "best_epoch": 12,
    "training_loss": 3.2566341292221415,
    "validation_loss": 3.2598248054188215,
    "training_history": {
      "training_loss": [
        3.43344900142825,
        3.296331871886029,
        3.287121641642199,
        3.282384793257852,
        3.268594724169993,
        3.2784789095222475,
        3.2675088894297875,
        3.249020831664361,
        3.2481908189248054,
        3.246038243166673,
        3.2517724199814495,
        3.2592010840986343,
        3.2566341292221415,
        4.494558257693528,
        3.548152665622899
      ],
      "validation_loss": [
        3.4700400641967972,
        3.342435276290187,
        3.292791251859059,
        3.381833801741749,
        3.5349701669937312,
        3.2962154726166,
        3.275721615174358,
        3.341502234548234,
        3.28603708115281,
        3.331994517113857,
        3.2699998048714596,
        3.2753848729272192,
        3.2598248054188215,
        3.571313193334573,
        3.443551879396223
      ]
    }
  },
  "fold5": {
    "best_epoch": 6,
    "training_loss": 3.2372677933762835,
    "validation_loss": 3.351599450786738,
    "training_history": {
      "training_loss": [
        3.4346886367575773,
        3.294810151889798,
        3.2623164929483077,
        3.2522650598438685,
        3.2537889244001863,
        3.2364291376019003,
        3.2372677933762835,
        3.2315599062859808,
        3.2287386256287607,
        3.233195216228609,
        3.227944254086553,
        3.2315703257267736
      ],
      "validation_loss": [
        3.407362170485468,
        3.3980288070670523,
        3.4003544682596885,
        3.3686540750986516,
        3.3863770624087093,
        3.4206165459023015,
        3.351599450786738,
        3.35711542014912,
        3.4126900930773036,
        3.431316574755656,
        3.3965758704320557,
        3.378484795533536
      ]
    }
  }
}