target,log_loss,sample_weighted_log_loss,accuracy,precision,recall,specificity,f1,roc_auc,average_precision
bowel_injury,0.105957887501053,0.18598567167943755,0.9779240076416896,0.0,0.0,1.0,0.0,0.5586596901036884,0.026293708082883366
extravasation_injury,0.23759319659510675,0.8454217051363963,0.9363192528125663,0.0,0.0,1.0,0.0,0.5250230484395073,0.06739547961230102
kidney,0.2700304601341833,0.5871137641045813,0.939503290171938,0.313167763390646,0.3333333333333333,,0.32293604757214256,,
liver,0.377718129808528,0.7012316795359917,0.8991721502865634,0.2997240500955211,0.3333333333333333,,0.3156365262099028,,
spleen,0.44137037629083176,0.892886421551049,0.8843133092761621,0.29477110309205407,0.3333333333333333,,0.3128684615673463,,
