{
  "fold1": {
    "best_epoch": 7,
    "training_loss": 1.4566579842010627,
    "validation_loss": 1.4122413548533257,
    "training_history": {
      "training_loss": [
        1.58195081359515,
        1.4675386235465921,
        1.4652315593322625,
        1.4534696915094008,
        1.4520236605545012,
        1.4609313328807774,
        1.4565178325474895,
        1.4566579842010627,
        1.4564103434799582,
        1.4638669068140082
      ],
      "validation_loss": [
        1.4206041470565067,
        1.4341692932084409,
        1.4203379814091315,
        1.4133822005222356,
        1.4168360594853617,
        1.4130219466360099,
        1.4191726964452993,
        1.4122413548533257,
        1.4315223936564343,
        1.4197421668063799
      ]
    }
  },
  "fold2": {
    "best_epoch": 2,
    "training_loss": 1.4606826438584142,
    "validation_loss": 1.4033372923105705,
    "training_history": {
      "training_loss": [
        1.5448821120897676,
        1.4943663310294266,
        1.4606826438584142,
        1.4636074386083182,
        1.4682904492353117,
        1.461375566770752,
        1.4583376925433686
      ],
      "validation_loss": [
        1.4407582022562748,
        1.4165711002189572,
        1.4033372923105705,
        1.4131021730038298,
        1.4058619737625122,
        1.423695035341407,
        1.406914154020678
      ]
    }
  },
  "fold3": {
    "best_epoch": 6,
    "training_loss": 1.447442441194837,
    "validation_loss": 1.4260830198907104,
    "training_history": {
      "training_loss": [
        1.5550166986747798,
        1.4660008740755188,
        1.4492457457624686,
        1.4568616653275819,
        1.454618448266587,
        1.4523538814439052,
        1.447442441194837,
        1.441907917729582,
        1.4452146392026013,
        1.442389909451762
      ],
      "validation_loss": [
        1.4688184788089773,
        1.4511823846407585,
        1.492609156488748,
        1.4329098074848114,
        1.4729802698365058,
        1.4544072221086912,
        1.4260830198907104,
        1.4401596793329527,
        1.442764212823039,
        1.435932944582395
      ]
    }
  },
  "fold4": {
    "best_epoch": 6,
    "training_loss": 1.446115925064924,
    "validation_loss": 1.4505036362277421,
    "training_history": {
      "training_loss": [
        1.5405306062768969,
        1.458901390709113,
        1.456224007968358,
        1.4533402346102162,
        1.4422825734366946,
        1.443050520436465,
        1.446115925064924,
        1.43652816331935,
        1.4330021310016505,
        1.5592984098848497
      ],
      "validation_loss": [
        1.50830777084096,
        1.4925031759510512,
        1.4574689508382677,
        1.5046199413880594,
        1.471388441369146,
        1.4708995221120549,
        1.4505036362277421,
        1.4793247875022684,
        1.4593795205599782,
        1.4860327431152147
      ]
    }
  },
  "fold5": {
    "best_epoch": 6,
    "training_loss": 1.4373345432157838,
    "validation_loss": 1.4722755139477774,
    "training_history": {
      "training_loss": [
        1.5322513549723427,
        1.4582069159248072,
        1.44983919167935,
        1.4440766646137122,
        1.442538898878862,
        1.4428939326442276,
        1.4373345432157838,
        1.4359230354495325,
        1.4349852238076173,
        1.4363919043862716
      ],
      "validation_loss": [
        1.4909302410649639,
        1.479964049077341,
        1.4843213266569146,
        1.4762130671304694,
        1.5012445981922067,
        1.4869579465604135,
        1.4722755139477774,
        1.4800273857914839,
        1.4855392997356955,
        1.497627820068163
      ]
    }
  }
}