{
  "fold1": {
    "best_epoch": 12,
    "training_loss": 1.9144827556458248,
    "validation_loss": 2.351083965594796,
    "training_history": {
      "training_loss": [
        3.2931937145073196,
        2.9673448844067356,
        2.6461418079975556,
        2.6591098002314313,
        2.7282391991584922,
        2.7209828102411486,
        2.483542830827636,
        2.192634289431724,
        2.0504713610225926,
        2.2426734119970075,
        2.3390692822999,
        2.209714879528985,
        1.9144827556458248,
        1.7167646325571015,
        1.851826882919182
      ],
      "validation_loss": [
        2.992776056615318,
        2.780946875680416,
        2.732321118246586,
        2.76585090906218,
        2.7924554360633436,
        2.9230209398117957,
        2.637505867069119,
        2.4701991612180545,
        2.4480540117807883,
        2.609389969551677,
        2.642008092724506,
        2.5117101421538237,
        2.351083965594796,
        2.427670619899875,
        2.4526159078167202
      ]
    }
  },
  "fold2": {
    "best_epoch": 13,
    "training_loss": 1.7772220390595854,
    "validation_loss": 2.3868311984198436,
    "training_history": {
      "training_loss": [
        3.314565448502208,
        3.0363555642067355,
        2.7774081535877206,
        2.7001902800222823,
        2.7808549100333435,
        2.783733496294278,
        2.5232083522819972,
        2.2568995074155196,
        2.1346538446786143,
        2.2902581491949836,
        2.390683676975146,
        2.2516445790113493,
        1.9483766303350394,
        1.7772220390595854,
        1.8664008558161178
      ],
      "validation_loss": [
        3.0760363049867774,
        2.7373175019977474,
        2.69389360491969,
        2.6722124083703305,
        2.7859978154927743,
        2.7325697786667766,
        2.5872423107884512,
        2.5009444962028695,
        2.4624522513702134,
        2.66511709349496,
        2.4995748255433154,
        2.416151606736063,
        2.483009579301882,
        2.3868311984198436,
        2.4948013309671095
      ]
    }
  },
  "fold3": {
    "best_epoch": 13,
    "training_loss": 1.799756408880313,
    "validation_loss": 2.24928944575849,
    "training_history": {
      "training_loss": [
        3.2852424008650774,
        3.0199531588437587,
        2.7302904296606876,
        2.659283171319606,
        2.7716268064876717,
        2.75269058489571,
        2.510310474041298,
        2.212320445952451,
        2.127817960212025,
        2.258778108194613,
        2.3604390345696316,
        2.2314971756503477,
        1.9253744746422488,
        1.799756408880313,
        1.8646064100428004
      ],
      "validation_loss": [
        3.1316517776219635,
        2.8429266883440665,
        2.716155554486819,
        2.8091275339351274,
        2.635454195831459,
        3.6344471379724475,
        2.506665589828142,
        2.4566518653749796,
        2.4428134663566867,
        2.621107172404284,
        2.63880044028397,
        2.4553207578459335,
        2.355888205423405,
        2.24928944575849,
        2.428059711287783
      ]
    }
  },
  "fold4": {
    "best_epoch": 14,
    "training_loss": 1.9626993851835675,
    "validation_loss": 2.3185142510930485,
    "training_history": {
      "training_loss": [
        3.2889939967064175,
        3.0745741860819895,
        2.893603867793575,
        2.8517602575575465,
        2.912543269454456,
        2.8475809122506175,
        2.6747128559381856,
        2.405953749974905,
        2.3163137606122013,
        2.394749427585612,
        2.498453232738973,
        2.3509508972127624,
        2.0280042427169906,
        1.8503708181275318,
        1.9626993851835675
      ],
      "validation_loss": [
        3.1349248978498805,
        2.8237217799454637,
        2.7314336754149076,
        2.963026438898881,
        2.7970827767872066,
        2.929534297199886,
        2.500421392648161,
        2.365325689572436,
        2.4207267997339286,
        2.698773228570386,
        2.4375195287657245,
        2.5695913810647855,
        2.3269108976563286,
        2.326837335387395,
        2.3185142510930485
      ]
    }
  },
  "fold5": {
    "best_epoch": 6,
    "training_loss": 2.393339282528185,
    "validation_loss": 2.5742163289770037,
    "training_history": {
      "training_loss": [
        3.2401706655683515,
        2.8975577215632295,
        2.575758853770022,
        2.579592813162237,
        2.6880652228812436,
        2.6147104157566172,
        2.393339282528185,
        2.048912721514292,
        1.9211149334308173,
        2.1221843876198947,
        2.2217546107435266,
        2.0974617114171807,
        1.7803557294485715,
        1.5716011566471,
        1.7026603467314922
      ],
      "validation_loss": [
        3.195369393017159,
        2.9241769324044813,
        2.8725811749568826,
        2.959888847089121,
        2.890633118510758,
        2.7620541650338235,
        2.5742163289770037,
        2.5820421553476685,
        2.8114885572711796,
        2.970434560796222,
        3.0490094858177743,
        2.7708580493927,
        2.6975910499883824,
        2.666985844337889,
        2.9211887172363347
      ]
    }
  }
}