target,log_loss,sample_weighted_log_loss,accuracy,precision,recall,specificity,f1,roc_auc,average_precision
bowel_injury,0.10157511398234352,0.1457379000509716,0.9700700488219062,0.28735632183908044,0.2403846153846154,0.9865422183633601,0.2617801047120419,0.8395898382060745,0.18135774934702376
extravasation_injury,0.3606584708474311,0.537532915394547,0.8429208236043303,0.17164179104477612,0.38333333333333336,0.8741781908864203,0.2371134020618557,0.757160129978085,0.18073598326574172
any_injury,0.4621520406496919,0.5962109227114143,0.801316068775207,0.6414790996784566,0.6195652173913043,0.8697049371895997,0.6303317535545023,0.8297071962954293,0.702634681330735
kidney,0.19933154511180726,0.3335744997158029,0.9428995966886011,0.6237854538133868,0.60829459824996,,0.599561761541004,,
liver,0.30788913079871044,0.44500786195481107,0.8921672680959457,0.5684609930639075,0.6043778233491407,,0.5776140329856043,,
spleen,0.3333506177783093,0.5041685274475063,0.89280407556782,0.5726639314771321,0.5820935329532223,,0.5620463019235268,,
