{
  "fold1": {
    "best_epoch": 7,
    "training_loss": 1.7662092966132357,
    "validation_loss": 2.445097522796275,
    "training_history": {
      "training_loss": [
        3.2543506267976863,
        2.773948782695074,
        2.469404307140666,
        2.4235592094702834,
        2.494313457083044,
        2.465178446531802,
        2.1669688672776433,
        1.7662092966132357,
        1.6553599782556991,
        1.8831077256653213,
        1.9982776945563638,
        1.7645689238914766,
        1.3797726212286898,
        1.1207243144638726,
        1.2213016700339672
      ],
      "validation_loss": [
        2.8345900385908207,
        2.7814053669966925,
        2.6109393945048747,
        2.671753078098641,
        3.1196742265120796,
        2.6844867264352192,
        2.518609162732121,
        2.445097522796275,
        2.5307859383357543,
        2.7908854009237927,
        2.7306887443599113,
        2.5493065241412167,
        2.6251016039863497,
        2.8046205900886028,
        3.108052637266076
      ]
    }
  },
  "fold2": {
    "best_epoch": 6,
    "training_loss": 2.094392628976087,
    "validation_loss": 2.4359027292548108,
    "training_history": {
      "training_loss": [
        3.258943448202443,
        2.8235401762835237,
        2.4621158693343537,
        2.4016640528176305,
        2.5379167225932338,
        2.448200579049835,
        2.094392628976087,
        1.688153007938114,
        1.5248018701316257,
        1.7155353826993194,
        1.9153699742317454,
        1.731250071087934,
        1.2086692804286823,
        0.9767508647897898,
        1.167676626351578
      ],
      "validation_loss": [
        3.1904320356224765,
        2.733002163782841,
        2.613619587501558,
        2.6468153240300025,
        2.59824356812389,
        2.635066665521189,
        2.4359027292548108,
        2.4626977128141068,
        2.520206025668553,
        2.9106881438183185,
        2.7522721515984094,
        2.6887061390556206,
        2.848150914456664,
        2.9976036603711234,
        3.171872058836352
      ]
    }
  },
  "fold3": {
    "best_epoch": 7,
    "training_loss": 1.8051201793205496,
    "validation_loss": 2.2364224508794814,
    "training_history": {
      "training_loss": [
        3.2811216783091917,
        2.8517611658992097,
        2.5452356970729157,
        2.4849745595036223,
        2.5819014342575155,
        2.5188942858205436,
        2.1895049065192795,
        1.8051201793205496,
        1.6252143577264901,
        1.8499660929932762,
        2.0151651258539722,
        1.7780133005910026,
        1.404086738094862,
        1.0746733064468676,
        1.21643158549064
      ],
      "validation_loss": [
        2.986738570323165,
        2.92874304892505,
        2.532147265760062,
        2.740609293832829,
        2.63827697182201,
        2.4714884452170724,
        2.3871471733947076,
        2.2364224508794814,
        2.487641958104378,
        2.452991050762656,
        2.416021514812689,
        2.3916180744845206,
        2.5660858525031522,
        2.672563947308126,
        2.8944468213625605
      ]
    }
  },
  "fold4": {
    "best_epoch": 7,
    "training_loss": 1.7554351867411515,
    "validation_loss": 2.2810760735182254,
    "training_history": {
      "training_loss": [
        3.2577050681595825,
        2.8422691397160085,
        2.52506464287946,
        2.4750692632575313,
        2.531171555370329,
        2.471434813841886,
        2.1834189151721555,
        1.7554351867411515,
        1.6237518199848031,
        1.8554300562154042,
        2.0079752504983195,
        1.772358485342396,
        1.275275783019366,
        1.0926953047939485,
        1.2684840797936707
      ],
      "validation_loss": [
        2.9778990627490023,
        2.5873710993673367,
        2.369878775080259,
        2.449461619743618,
        2.7604552331602097,
        2.6340291174158725,
        2.3404992691795585,
        2.2810760735182254,
        2.5010179918985194,
        2.9919082879763503,
        2.5457726299955206,
        2.6112416563044323,
        2.7495509687614645,
        2.735821633600701,
        2.6338050362881598
      ]
    }
  },
  "fold5": {
    "best_epoch": 7,
    "training_loss": 1.657263814251585,
    "validation_loss": 2.614987746328755,
    "training_history": {
      "training_loss": [
        3.167803807560178,
        2.739103791448104,
        2.338426588483196,
        2.2542453337264585,
        2.4641898963526465,
        2.3570415991959544,
        2.015084431486238,
        1.657263814251585,
        1.5115316027243575,
        1.7211251357902009,
        1.8869941054781014,
        1.6456306751016019,
        1.2127237994974018,
        0.9637480223776645,
        1.1324287462830702
      ],
      "validation_loss": [
        3.089517182034996,
        2.7549447997956826,
        2.695156624900425,
        2.9912282796376766,
        3.052255162865307,
        2.8230552161711993,
        2.724330217541543,
        2.614987746328755,
        2.7512261959616207,
        2.9555201315572845,
        2.842258742950505,
        2.9805709379425376,
        3.2030747254007363,
        3.4658985695613813,
        3.26822727534904
      ]
    }
  }
}