target,log_loss,sample_weighted_log_loss,accuracy,precision,recall,specificity,f1,roc_auc,average_precision
bowel_injury,0.10007883670539398,0.1572623563901636,0.9779240076416896,0.0,0.0,1.0,0.0,0.7756956387437178,0.0859868495934037
extravasation_injury,0.32656163499600455,0.5487748327837138,0.8584164720866058,0.17055655296229802,0.31666666666666665,0.8952618453865336,0.22170361726954493,0.7375833144411698,0.16691579973372023
any_injury,0.419763588809625,0.6512392362123435,0.8212693695606028,0.7247983870967742,0.5582298136645962,0.9202453987730062,0.6307017543859649,0.8389922119821521,0.7081691036151532
kidney,0.1816472885296086,0.3178929878519751,0.9443854807896412,0.6448091334590922,0.555861425101829,,0.5521610158108785,,
liver,0.28998923190040277,0.43029111845776086,0.91042241562301,0.6193497119678222,0.5619472202333392,,0.5666946683944777,,
spleen,0.3300899936873739,0.4991364675280989,0.8940776905115687,0.5641479839168139,0.5554514392525567,,0.5153835940719952,,
