{
  "fold1": {
    "best_epoch": 16,
    "training_loss": 2.001608526630766,
    "validation_loss": 2.371764833828551,
    "training_history": {
      "training_loss": [
        3.2875294199415075,
        3.075698139814308,
        2.799389285393328,
        2.7636783806381713,
        2.779745794595427,
        2.7503310178748617,
        2.47999283462573,
        2.286869758759841,
        2.158413144686673,
        2.2326542556665507,
        2.341474805161705,
        2.2464995284875235,
        1.947075108813632,
        1.7919011202081248,
        1.8811014493306477,
        2.0305675870547124,
        2.001608526630766,
        1.7125094908817557,
        1.5059434704466736,
        1.4723528756773903
      ],
      "validation_loss": [
        3.0388655273178604,
        2.9040357836483643,
        2.819362282373746,
        2.841079582465163,
        2.8939442235111303,
        2.76212051994348,
        2.599479045240902,
        2.4971152464380193,
        2.5243024416465394,
        2.574971238477106,
        2.516319719377277,
        2.523769135945422,
        2.4591991256681505,
        2.519538378791364,
        2.681060180684289,
        2.558237843397187,
        2.371764833828551,
        2.4590457064728724,
        2.4295514957270212,
        2.7753715702230832
      ]
    }
  },
  "fold2": {
    "best_epoch": 12,
    "training_loss": 1.9176582484589069,
    "validation_loss": 2.3252404076712474,
    "training_history": {
      "training_loss": [
        3.2787649769134806,
        3.0627250072644663,
        2.8009132244194337,
        2.752886890001391,
        2.785076568595397,
        2.763984211076603,
        2.5371597530550702,
        2.2480805739027034,
        2.161071062658847,
        2.268197368389433,
        2.373988650586574,
        2.1709685902799754,
        1.9176582484589069,
        1.7249222826723025,
        1.8149034107387874,
        1.9279404508525242,
        1.974012634924797,
        1.670785131654894,
        1.4422292729646926,
        1.436362076516036
      ],
      "validation_loss": [
        2.962231804342831,
        2.861936745523405,
        2.670574825350978,
        2.695251176337234,
        2.709984302520752,
        2.666779307758107,
        2.4549127887277042,
        2.4066435389158105,
        2.5611699128351293,
        2.6039059482702687,
        2.690627598962864,
        2.5550045646539257,
        2.3252404076712474,
        2.3659245386844923,
        2.5676087531722893,
        2.492760922728466,
        2.367347775387163,
        2.443173745099236,
        2.388120610173009,
        2.393455922603607
      ]
    }
  },
  "fold3": {
    "best_epoch": 12,
    "training_loss": 1.9397128613485188,
    "validation_loss": 2.26385953020675,
    "training_history": {
      "training_loss": [
        3.2584838755468466,
        3.05204572261205,
        2.8323420899363754,
        2.75834232041884,
        2.7942953840993083,
        2.7030034810463333,
        2.5043909034282126,
        2.2453882701861594,
        2.1233903033791766,
        2.237575899424771,
        2.284038946905329,
        2.191211604462645,
        1.9397128613485188,
        1.7880618102507342,
        1.796107736004554,
        2.000325565267041,
        1.9847105552340214,
        1.7123092437069765,
        1.4797693736002213,
        1.4604269551773803
      ],
      "validation_loss": [
        3.16354376520786,
        2.921978536076571,
        2.806108552747996,
        2.7490777340234884,
        2.753377840531434,
        2.9868635807986035,
        2.478622308825947,
        2.367459673719256,
        2.4165893794978475,
        2.4825919106992753,
        2.371785296819597,
        2.5275438177648013,
        2.26385953020675,
        2.301543246763539,
        2.4128039655261015,
        2.5006408093487407,
        2.4986100741393904,
        2.352889972769153,
        2.396799235381381,
        2.344817659243239
      ]
    }
  },
  "fold4": {
    "best_epoch": 13,
    "training_loss": 1.8140108596704927,
    "validation_loss": 2.1947320233890135,
    "training_history": {
      "training_loss": [
        3.262865819482183,
        3.09697097221548,
        2.887097926066705,
        2.8219518374035055,
        2.869294249273872,
        2.801572729329594,
        2.5391804116671204,
        2.282573397357523,
        2.196102968162484,
        2.259424823355511,
        2.4195115851196016,
        2.2382248485611584,
        1.9591711663115534,
        1.8140108596704927,
        1.8852347892658348,
        2.050037598874694,
        1.998019133592522,
        1.7644529002233513,
        1.560011063852618,
        1.5373761218921775
      ],
      "validation_loss": [
        3.0964329681560736,
        2.907564325404501,
        2.6973969015033177,
        2.703273555562622,
        2.7045074889939618,
        2.6449753768477424,
        2.3770560930824898,
        2.282390705350911,
        2.350212302479985,
        2.3562432033510077,
        2.5506206795781754,
        2.3315923627149173,
        2.211394711382551,
        2.1947320233890135,
        2.398259950274415,
        2.622184605593317,
        2.3540935536888625,
        2.2151421032629433,
        2.2194785845934124,
        2.308416524667401
      ]
    }
  },
  "fold5": {
    "best_epoch": 12,
    "training_loss": 1.8956203559114366,
    "validation_loss": 2.5502731242404986,
    "training_history": {
      "training_loss": [
        3.2150998182415362,
        3.0119531726862396,
        2.8002421211773645,
        2.7249296167660844,
        2.777656220039636,
        2.7362472370649398,
        2.4809634414227686,
        2.2077147637009147,
        2.1226827758239923,
        2.2092728096204133,
        2.3219486424833984,
        2.154570480413808,
        1.8956203559114366,
        1.7245819040567478,
        1.8132063673109755,
        1.9347724026238107,
        1.9019306890230767,
        1.6352367060434947,
        1.412002999809691,
        1.4306959129256778
      ],
      "validation_loss": [
        3.28632863089762,
        3.1045367359603424,
        3.019950367350435,
        3.055192464411003,
        2.8994339545908914,
        2.8521865672819606,
        2.620776233754956,
        2.5784392397802787,
        2.712127530012008,
        2.6544372943337895,
        2.5835711700210244,
        2.6509713400075365,
        2.5502731242404986,
        2.5901961664273503,
        2.7524708703863774,
        2.7646348225712263,
        2.587578811870624,
        2.7811306520593013,
        2.747527807055625,
        2.6540421447017164
      ]
    }
  }
}