{
  "mean": 0.24816572950295937,
  "std": 0.22698717498545706
}